RenderPeople/modelo_0/rp_mei_posed_001_100k,1
RenderPeople/modelo_1/rp_dennis_posed_004_100k,2
H3DS-net/modelo_3/modelo_3,3
H3DS-net/modelo_4/modelo_4,4
H3DS-net/modelo_5/modelo_5,5
H3DS-net/modelo_2/modelo_2,6
H3DS-net/modelo_12/modelo_12,7
H3DS-net/modelo_15/modelo_15,8
H3DS-net/modelo_14/modelo_14,9
H3DS-net/modelo_13/modelo_13,10
H3DS-net/modelo_22/modelo_22,11
H3DS-net/modelo_9/modelo_9,12
H3DS-net/modelo_7/modelo_7,13
H3DS-net/modelo_0/modelo_0,14
H3DS-net/modelo_1/modelo_1,15
H3DS-net/modelo_6/modelo_6,16
H3DS-net/modelo_8/modelo_8,17
H3DS-net/modelo_18/modelo_18,18
H3DS-net/modelo_20/modelo_20,19
H3DS-net/modelo_16/modelo_16,20
H3DS-net/modelo_11/modelo_11,21
H3DS-net/modelo_10/modelo_10,22
H3DS-net/modelo_17/modelo_17,23
H3DS-net/modelo_21/modelo_21,24
H3DS-net/modelo_19/modelo_19,25
People Snapshot/modelo_3/consensus,26
People Snapshot/modelo_4/consensus,27
People Snapshot/modelo_5/consensus,28
People Snapshot/modelo_2/consensus,29
People Snapshot/modelo_23/consensus,30
People Snapshot/modelo_12/consensus,31
People Snapshot/modelo_15/consensus,32
People Snapshot/modelo_14/consensus,33
People Snapshot/modelo_13/consensus,34
People Snapshot/modelo_22/consensus,35
People Snapshot/modelo_9/consensus,36
People Snapshot/modelo_7/consensus,37
People Snapshot/modelo_0/consensus,38
People Snapshot/modelo_1/consensus,39
People Snapshot/modelo_6/consensus,40
People Snapshot/modelo_8/consensus,41
People Snapshot/modelo_18/consensus,42
People Snapshot/modelo_20/consensus,43
People Snapshot/modelo_16/consensus,44
People Snapshot/modelo_11/consensus,45
People Snapshot/modelo_10/consensus,46
People Snapshot/modelo_17/consensus,47
People Snapshot/modelo_21/consensus,48
People Snapshot/modelo_19/consensus,49
HeadSpace/modelo_633/131026163851,50
HeadSpace/modelo_250/131003185729,51
HeadSpace/modelo_693/131031165824,52
HeadSpace/modelo_497/131017151438,53
HeadSpace/modelo_251/131003191946,54
HeadSpace/modelo_269/131003190127,55
HeadSpace/modelo_260/131004172336,56
HeadSpace/modelo_604/131024154342,57
HeadSpace/modelo_1081/131124144824,58
HeadSpace/modelo_39/130927143442,59
HeadSpace/modelo_1086/131124152702,60
HeadSpace/modelo_498/131017145614,61
HeadSpace/modelo_834/131107154610,62
HeadSpace/modelo_63/130927170809,63
HeadSpace/modelo_941/131115155953,64
HeadSpace/modelo_747/131101151931,65
HeadSpace/modelo_520/131019131406,66
HeadSpace/modelo_922/131113160938,67
HeadSpace/modelo_748/131101145529,68
HeadSpace/modelo_104/130928143720,69
HeadSpace/modelo_505/131017162415,70
HeadSpace/modelo_739/131101164000,71
HeadSpace/modelo_706/131030174106,72
HeadSpace/modelo_5/130926124446,73
HeadSpace/modelo_908/131113154321,74
HeadSpace/modelo_330/131008125958,75
HeadSpace/modelo_503/131017140809,76
HeadSpace/modelo_440/131013133655,77
HeadSpace/modelo_681/131027161753,78
HeadSpace/modelo_23/130926133221,79
HeadSpace/modelo_12/130926124702,80
HeadSpace/modelo_448/131013123452,81
HeadSpace/modelo_286/131005143312,82
HeadSpace/modelo_1012/131119145628,83
HeadSpace/modelo_663/131027152136,84
HeadSpace/modelo_209/131003125521,85
HeadSpace/modelo_1070/131122161446,86
HeadSpace/modelo_862/131108163721,87
HeadSpace/modelo_698/131101140447,88
HeadSpace/modelo_839/131105132834,89
HeadSpace/modelo_897/131110134857,90
HeadSpace/modelo_638/131027142221,91
HeadSpace/modelo_772/131102151753,92
HeadSpace/modelo_576/131023173414,93
HeadSpace/modelo_728/131102130454,94
HeadSpace/modelo_389/131009170519,95
HeadSpace/modelo_513/131019173503,96
HeadSpace/modelo_980/131116143146,97
HeadSpace/modelo_928/131113145158,98
HeadSpace/modelo_321/131005163749,99
HeadSpace/modelo_1102/131124125143,100
HeadSpace/modelo_541/131022150746,101
HeadSpace/modelo_780/131104120739,102
HeadSpace/modelo_959/131115153958,103
HeadSpace/modelo_733/131101160356,104
HeadSpace/modelo_332/131006171148,105
HeadSpace/modelo_597/131022175614,106
HeadSpace/modelo_904/131113180001,107
HeadSpace/modelo_199/131003121059,108
HeadSpace/modelo_704/131101121310,109
HeadSpace/modelo_500/131017140152,110
HeadSpace/modelo_351/131006155445,111
HeadSpace/modelo_759/131103120323,112
HeadSpace/modelo_750/131102143728,113
HeadSpace/modelo_106/130928144113,114
HeadSpace/modelo_1054/131122161051,115
HeadSpace/modelo_877/131110153630,116
HeadSpace/modelo_1053/131123123229,117
HeadSpace/modelo_11/130926130147,118
HeadSpace/modelo_486/131017155435,119
HeadSpace/modelo_442/131013131338,120
HeadSpace/modelo_72/130927171226,121
HeadSpace/modelo_489/131018113604,122
HuMMan/modelo_38/000030,123
HuMMan/modelo_31/000030,124
HuMMan/modelo_36/000030,125
HuMMan/modelo_37/000030,126
HuMMan/modelo_30/000030,127
HuMMan/modelo_39/000030,128
HuMMan/modelo_3/000000,129
HuMMan/modelo_4/000060,130
HuMMan/modelo_5/000000,131
HuMMan/modelo_2/000000,132
HuMMan/modelo_41/000030,133
HuMMan/modelo_23/000030,134
HuMMan/modelo_24/000030,135
HuMMan/modelo_12/000000,136
HuMMan/modelo_15/000000,137
HuMMan/modelo_40/000030,138
HuMMan/modelo_14/000000,139
HuMMan/modelo_13/000000,140
HuMMan/modelo_25/000030,141
HuMMan/modelo_22/000030,142
HuMMan/modelo_35/000030,143
HuMMan/modelo_32/000030,144
HuMMan/modelo_33/000030,145
HuMMan/modelo_34/000030,146
HuMMan/modelo_9/000000,147
HuMMan/modelo_7/000000,148
HuMMan/modelo_0/000000,149
HuMMan/modelo_1/000000,150
HuMMan/modelo_6/000000,151
HuMMan/modelo_8/000000,152
HuMMan/modelo_18/000000,153
HuMMan/modelo_27/000030,154
HuMMan/modelo_20/000030,155
HuMMan/modelo_29/000030,156
HuMMan/modelo_16/000000,157
HuMMan/modelo_11/000390,158
HuMMan/modelo_42/000000,159
HuMMan/modelo_10/000000,160
HuMMan/modelo_28/000030,161
HuMMan/modelo_17/000000,162
HuMMan/modelo_21/000030,163
HuMMan/modelo_19/000000,164
HuMMan/modelo_26/000030,165
HuMMan/modelo_43/000030,166
DI4D_UGR_ANON/modelo_31/F0019_S,167
DI4D_UGR_ANON/modelo_65/M0004_N,168
DI4D_UGR_ANON/modelo_83/M0020_H2,169
DI4D_UGR_ANON/modelo_12/F0034_H2,170
DI4D_UGR_ANON/modelo_47/F0036_A,171
DI4D_UGR_ANON/modelo_50/F0006_N,172
DI4D_UGR_ANON/modelo_148/M0032_H1,173
DI4D_UGR_ANON/modelo_107/M0015_S,174
DI4D_UGR_ANON/modelo_0/F0023_N,175
DI4D_UGR_ANON/modelo_27/F0026_U,176
